serial,male,evaluation
1,male,evaluate
2,male,evaluate
3,male,evaluate
4,male,evaluate
5,male,evaluate
6,male,evaluate
7,male,evaluate
8,male,evaluate
9,male,evaluate
10,male,evaluate
11,male,evaluate
12,male,evaluate
13,male,evaluate
14,male,evaluate
15,male,evaluate
16,male,evaluate
17,male,evaluate
18,male,evaluate
19,male,evaluate
20,male,evaluate
21,male,evaluate
22,male,evaluate
23,male,evaluate
24,male,evaluate
25,male,evaluate
26,male,evaluate
27,male,evaluate
28,male,evaluate
29,male,evaluate
30,male,evaluate
31,male,evaluate
32,male,evaluate
33,male,evaluate
34,male,evaluate
35,male,evaluate
36,male,evaluate
37,male,evaluate
38,male,evaluate
39,male,evaluate
40,male,evaluate
41,male,evaluate
42,male,evaluate
43,male,evaluate
44,male,evaluate
45,male,evaluate
46,male,evaluate
47,male,evaluate
48,male,evaluate
49,male,evaluate
50,male,evaluate
51,male,evaluate
52,male,evaluate
53,male,evaluate
54,male,evaluate
55,male,evaluate
56,male,evaluate
57,male,evaluate
58,male,evaluate
59,male,evaluate
60,male,evaluate
61,male,evaluate
62,male,evaluate
63,male,evaluate
64,male,evaluate
65,male,evaluate
66,male,evaluate
67,male,evaluate
68,male,evaluate
69,male,evaluate
70,male,evaluate
71,male,evaluate
72,male,evaluate
73,male,evaluate
74,male,evaluate
75,male,evaluate
76,male,evaluate
77,male,evaluate
78,male,evaluate
79,male,evaluate
80,male,evaluate
81,male,evaluate
82,male,evaluate
83,male,evaluate
84,male,evaluate
85,male,evaluate
86,male,evaluate
87,male,evaluate
88,male,evaluate
89,male,evaluate
90,male,evaluate
91,male,evaluate
92,male,evaluate
93,male,evaluate
94,male,evaluate
95,male,evaluate
96,male,evaluate
97,male,evaluate
98,male,evaluate
99,male,evaluate
100,male,evaluate
101,male,evaluate
102,male,evaluate
103,male,evaluate
104,male,evaluate
105,male,evaluate
106,male,evaluate
107,male,evaluate
108,male,evaluate
109,male,evaluate
110,male,evaluate
111,male,evaluate
112,male,evaluate
113,male,evaluate
114,male,evaluate
115,male,evaluate
116,male,evaluate
117,male,evaluate
118,male,evaluate
119,male,evaluate
120,male,evaluate
121,male,evaluate
122,male,evaluate
123,male,evaluate
124,male,evaluate
125,male,evaluate
126,male,evaluate
127,male,evaluate
128,male,evaluate
129,male,evaluate
130,male,evaluate
131,male,evaluate
132,male,evaluate
133,male,evaluate
134,male,evaluate
135,male,evaluate
136,male,evaluate
137,male,evaluate
138,male,evaluate
139,male,evaluate
140,male,evaluate
141,male,evaluate
142,male,evaluate
143,male,evaluate
144,male,evaluate
145,male,evaluate
146,male,evaluate
147,male,evaluate
148,male,evaluate
149,male,evaluate
150,male,evaluate
151,male,evaluate
152,male,evaluate
153,male,evaluate
154,male,evaluate
155,male,evaluate
156,male,evaluate
157,male,evaluate
158,male,evaluate
159,male,evaluate
160,male,evaluate
161,male,evaluate
162,male,evaluate
163,male,evaluate
164,male,evaluate
165,male,evaluate
166,male,evaluate
167,male,evaluate
168,male,evaluate
169,male,evaluate
170,male,evaluate
171,male,evaluate
172,male,evaluate
173,male,evaluate
174,male,evaluate
175,male,evaluate
176,male,evaluate
177,male,evaluate
178,male,evaluate
179,male,evaluate
180,male,evaluate
181,male,evaluate
182,male,evaluate
183,male,evaluate
184,male,evaluate
185,male,evaluate
186,male,evaluate
187,male,evaluate
188,male,evaluate
189,male,evaluate
190,male,evaluate
191,male,evaluate
192,male,evaluate
193,male,evaluate
194,male,evaluate
195,male,evaluate
196,male,evaluate
197,male,evaluate
198,male,evaluate
199,male,evaluate
200,male,evaluate
201,male,evaluate
202,male,evaluate
203,male,evaluate
204,male,evaluate
205,male,evaluate
206,male,evaluate
207,male,evaluate
208,male,evaluate
209,male,evaluate
210,male,evaluate
211,male,evaluate
212,male,evaluate
213,male,evaluate
214,male,evaluate
215,male,evaluate
216,male,evaluate
217,male,evaluate
218,male,evaluate
219,male,evaluate
220,male,evaluate
221,male,evaluate
222,male,evaluate
223,male,evaluate
224,male,evaluate
225,male,evaluate
226,male,evaluate
227,male,evaluate
228,male,evaluate
229,male,evaluate
230,male,evaluate
231,male,evaluate
232,male,evaluate
233,male,evaluate
234,male,evaluate
235,male,evaluate
236,male,evaluate
237,male,evaluate
238,male,evaluate
239,male,evaluate
240,male,evaluate
241,male,evaluate
242,male,evaluate
243,male,evaluate
244,male,evaluate
245,male,evaluate
246,male,evaluate
247,male,evaluate
248,male,evaluate
249,male,evaluate
250,male,evaluate
251,male,evaluate
252,male,evaluate
253,male,evaluate
254,male,evaluate
255,male,evaluate
256,male,evaluate
257,male,evaluate
258,male,evaluate
259,male,evaluate
260,male,evaluate
261,male,evaluate
262,male,evaluate
263,male,evaluate
264,male,evaluate
265,male,evaluate
266,male,evaluate
267,male,evaluate
268,male,evaluate
269,male,evaluate
270,male,evaluate
271,male,evaluate
272,male,evaluate
273,male,evaluate
274,male,evaluate
275,male,evaluate
276,male,evaluate
277,male,evaluate
278,male,evaluate
279,male,evaluate
280,male,evaluate
281,male,evaluate
282,male,evaluate
283,male,evaluate
284,male,evaluate
285,male,evaluate
286,male,evaluate
287,male,evaluate
288,male,evaluate
289,male,evaluate
290,male,evaluate
291,male,evaluate
292,male,evaluate
293,male,evaluate
294,male,evaluate
295,male,evaluate
296,male,evaluate
297,male,evaluate
298,male,evaluate
299,male,evaluate
300,male,evaluate
301,male,evaluate
302,male,evaluate
303,male,evaluate
304,male,evaluate
305,male,evaluate
306,male,evaluate
307,male,evaluate
308,male,evaluate
309,male,evaluate
310,male,evaluate
311,male,evaluate
312,male,evaluate
313,male,evaluate
314,male,evaluate
315,male,evaluate
316,male,evaluate
317,male,evaluate
318,male,evaluate
319,male,evaluate
320,male,evaluate
321,male,evaluate
322,male,evaluate
323,male,evaluate
324,male,evaluate
325,male,evaluate
326,male,evaluate
327,male,evaluate
328,male,evaluate
329,male,evaluate
330,male,evaluate
331,male,evaluate
332,male,evaluate
333,male,evaluate
334,male,evaluate
335,male,evaluate
336,male,evaluate
337,male,evaluate
338,male,evaluate
339,male,evaluate
340,male,evaluate
341,male,evaluate
342,male,evaluate
343,male,evaluate
344,male,evaluate
345,male,evaluate
346,male,evaluate
347,male,evaluate
348,male,evaluate
349,male,evaluate
350,male,evaluate
351,male,evaluate
352,male,evaluate
353,male,evaluate
354,male,evaluate
355,male,evaluate
356,male,evaluate
357,male,evaluate
358,male,evaluate
359,male,evaluate
360,male,evaluate
361,male,evaluate
362,male,evaluate
363,male,evaluate
364,male,evaluate
365,male,evaluate
366,male,evaluate
367,male,evaluate
368,male,evaluate
369,male,evaluate
370,male,evaluate
371,male,evaluate
372,male,evaluate
373,male,evaluate
374,male,evaluate
375,male,evaluate
376,male,evaluate
377,male,evaluate
378,male,evaluate
379,male,evaluate
380,male,evaluate
381,male,evaluate
382,male,evaluate
383,male,evaluate
384,male,evaluate
385,male,evaluate
386,male,evaluate
387,male,evaluate
388,male,evaluate
389,male,evaluate
390,male,evaluate
391,male,evaluate
392,male,evaluate
393,male,evaluate
394,male,evaluate
395,male,evaluate
396,male,evaluate
397,male,evaluate
398,male,evaluate
399,male,evaluate
400,male,evaluate
401,male,evaluate
402,male,evaluate
403,male,evaluate
404,male,evaluate
405,male,evaluate
406,male,evaluate
407,male,evaluate
408,male,evaluate
409,male,evaluate
410,male,evaluate
411,male,evaluate
412,male,evaluate
413,male,evaluate
414,male,evaluate
415,male,evaluate
416,male,evaluate
417,male,evaluate
418,male,evaluate
419,male,evaluate
420,male,evaluate
421,male,evaluate
422,male,evaluate
423,male,evaluate
424,male,evaluate
425,male,evaluate
426,male,evaluate
427,male,evaluate
428,male,evaluate
429,male,evaluate
430,male,evaluate
431,male,evaluate
432,male,evaluate
433,male,evaluate
434,male,evaluate
435,male,evaluate
436,male,evaluate
437,male,evaluate
438,male,evaluate
439,male,evaluate
440,male,evaluate
441,male,evaluate
442,male,evaluate
443,male,evaluate
444,male,evaluate
445,male,evaluate
446,male,evaluate
447,male,evaluate
448,male,evaluate
449,male,evaluate
450,male,evaluate
451,male,evaluate
452,male,evaluate
453,male,evaluate
454,male,evaluate
455,male,evaluate
456,male,evaluate
457,male,evaluate
458,male,evaluate
459,male,evaluate
460,male,evaluate
461,male,evaluate
462,male,evaluate
463,male,evaluate
464,male,evaluate
465,male,evaluate
466,male,evaluate
467,male,evaluate
468,male,evaluate
469,male,evaluate
470,male,evaluate
471,male,evaluate
472,male,evaluate
473,male,evaluate
474,male,evaluate
475,male,evaluate
476,male,evaluate
477,male,evaluate
478,male,evaluate
479,male,evaluate
480,male,evaluate
481,male,evaluate
482,male,evaluate
483,male,evaluate
484,male,evaluate
485,male,evaluate
486,male,evaluate
487,male,evaluate
488,male,evaluate
489,male,evaluate
490,male,evaluate
491,male,evaluate
492,male,evaluate
493,male,evaluate
494,male,evaluate
495,male,evaluate
496,male,evaluate
497,male,evaluate
498,male,evaluate
499,male,not_evaluate
500,male,not_evaluate
501,male,not_evaluate
502,male,not_evaluate
503,male,not_evaluate
504,male,not_evaluate
505,male,not_evaluate
506,male,not_evaluate
507,male,not_evaluate
508,male,not_evaluate
509,male,not_evaluate
510,male,not_evaluate
511,male,not_evaluate
512,male,not_evaluate
513,male,not_evaluate
514,male,not_evaluate
515,male,not_evaluate
516,male,not_evaluate
517,male,not_evaluate
518,male,not_evaluate
519,male,not_evaluate
520,male,not_evaluate
521,male,not_evaluate
522,male,not_evaluate
523,male,not_evaluate
524,male,not_evaluate
525,male,not_evaluate
526,male,not_evaluate
527,male,not_evaluate
528,male,not_evaluate
529,male,not_evaluate
530,male,not_evaluate
531,male,not_evaluate
532,male,not_evaluate
533,male,not_evaluate
534,male,not_evaluate
535,male,not_evaluate
536,male,not_evaluate
537,male,not_evaluate
538,male,not_evaluate
539,male,not_evaluate
540,male,not_evaluate
541,male,not_evaluate
542,male,not_evaluate
543,male,not_evaluate
544,male,not_evaluate
545,male,not_evaluate
546,male,not_evaluate
547,male,not_evaluate
548,male,not_evaluate
549,male,not_evaluate
550,male,not_evaluate
551,male,not_evaluate
552,male,not_evaluate
553,male,not_evaluate
554,male,not_evaluate
555,male,not_evaluate
556,male,not_evaluate
557,male,not_evaluate
558,male,not_evaluate
559,male,not_evaluate
560,male,not_evaluate
561,male,not_evaluate
562,male,not_evaluate
563,male,not_evaluate
564,male,not_evaluate
565,male,not_evaluate
566,male,not_evaluate
567,male,not_evaluate
568,male,not_evaluate
569,male,not_evaluate
570,male,not_evaluate
571,male,not_evaluate
572,male,not_evaluate
573,male,not_evaluate
574,male,not_evaluate
575,male,not_evaluate
576,male,not_evaluate
577,male,not_evaluate
578,male,not_evaluate
579,male,not_evaluate
580,male,not_evaluate
581,male,not_evaluate
582,male,not_evaluate
583,male,not_evaluate
584,male,not_evaluate
585,male,not_evaluate
586,male,not_evaluate
587,male,not_evaluate
588,male,not_evaluate
589,male,not_evaluate
590,male,not_evaluate
591,male,not_evaluate
592,male,not_evaluate
593,male,not_evaluate
594,male,not_evaluate
595,male,not_evaluate
596,male,not_evaluate
597,male,not_evaluate
598,male,not_evaluate
599,male,not_evaluate
600,male,not_evaluate
601,male,not_evaluate
602,male,not_evaluate
603,male,not_evaluate
604,male,not_evaluate
605,male,not_evaluate
606,male,not_evaluate
607,male,not_evaluate
608,male,not_evaluate
609,male,not_evaluate
610,male,not_evaluate
611,male,not_evaluate
612,male,not_evaluate
613,male,not_evaluate
614,male,not_evaluate
615,male,not_evaluate
616,male,not_evaluate
617,male,not_evaluate
618,male,not_evaluate
619,male,not_evaluate
620,male,not_evaluate
621,male,not_evaluate
622,male,not_evaluate
623,male,not_evaluate
624,male,not_evaluate
625,male,not_evaluate
626,male,not_evaluate
627,male,not_evaluate
628,male,not_evaluate
629,male,not_evaluate
630,male,not_evaluate
631,male,not_evaluate
632,male,not_evaluate
633,male,not_evaluate
634,male,not_evaluate
635,male,not_evaluate
636,male,not_evaluate
637,male,not_evaluate
638,male,not_evaluate
639,male,not_evaluate
640,male,not_evaluate
641,male,not_evaluate
642,male,not_evaluate
643,male,not_evaluate
644,male,not_evaluate
645,male,not_evaluate
646,male,not_evaluate
647,male,not_evaluate
648,male,not_evaluate
649,male,not_evaluate
650,male,not_evaluate
651,male,not_evaluate
652,male,not_evaluate
653,male,not_evaluate
654,male,not_evaluate
655,male,not_evaluate
656,male,not_evaluate
657,male,not_evaluate
658,male,not_evaluate
659,male,not_evaluate
660,male,not_evaluate
661,male,not_evaluate
662,male,not_evaluate
663,male,not_evaluate
664,male,not_evaluate
665,male,not_evaluate
666,male,not_evaluate
667,male,not_evaluate
668,male,not_evaluate
669,male,not_evaluate
670,male,not_evaluate
671,male,not_evaluate
672,male,not_evaluate
673,male,not_evaluate
674,male,not_evaluate
675,male,not_evaluate
676,male,not_evaluate
677,male,not_evaluate
678,male,not_evaluate
679,male,not_evaluate
680,male,not_evaluate
681,male,not_evaluate
682,male,not_evaluate
683,male,not_evaluate
684,male,not_evaluate
685,male,not_evaluate
686,male,not_evaluate
687,male,not_evaluate
688,male,not_evaluate
689,male,not_evaluate
690,male,not_evaluate
691,male,not_evaluate
692,male,not_evaluate
693,male,not_evaluate
694,male,not_evaluate
695,male,not_evaluate
696,male,not_evaluate
697,male,not_evaluate
698,male,not_evaluate
699,male,not_evaluate
700,male,not_evaluate
701,male,not_evaluate
702,male,not_evaluate
703,male,not_evaluate
704,male,not_evaluate
705,male,not_evaluate
706,male,not_evaluate
707,male,not_evaluate
708,male,not_evaluate
709,male,not_evaluate
710,male,not_evaluate
711,male,not_evaluate
712,male,not_evaluate
713,male,not_evaluate
714,male,not_evaluate
715,male,not_evaluate
716,male,not_evaluate
717,male,not_evaluate
718,male,not_evaluate
719,male,not_evaluate
720,male,not_evaluate
721,male,not_evaluate
722,male,not_evaluate
723,male,not_evaluate
724,male,not_evaluate
725,male,not_evaluate
726,male,not_evaluate
727,male,not_evaluate
728,male,not_evaluate
729,male,not_evaluate
730,male,not_evaluate
731,male,not_evaluate
732,male,not_evaluate
733,male,not_evaluate
734,male,not_evaluate
735,male,not_evaluate
736,male,not_evaluate
737,male,not_evaluate
738,male,not_evaluate
739,male,not_evaluate
740,male,not_evaluate
741,male,not_evaluate
742,male,not_evaluate
743,male,not_evaluate
744,male,not_evaluate
745,male,not_evaluate
746,male,not_evaluate
747,male,not_evaluate
748,male,not_evaluate
749,male,not_evaluate
750,male,not_evaluate
751,male,not_evaluate
752,male,not_evaluate
753,male,not_evaluate
754,male,not_evaluate
755,male,not_evaluate
756,male,not_evaluate
757,male,not_evaluate
758,male,not_evaluate
759,male,not_evaluate
760,male,not_evaluate
761,male,not_evaluate
762,male,not_evaluate
763,male,not_evaluate
764,male,not_evaluate
765,male,not_evaluate
766,male,not_evaluate
767,male,not_evaluate
768,male,not_evaluate
769,male,not_evaluate
770,male,not_evaluate
771,male,not_evaluate
772,male,not_evaluate
773,male,not_evaluate
774,male,not_evaluate
775,male,not_evaluate
776,male,not_evaluate
777,male,not_evaluate
778,male,not_evaluate
779,male,not_evaluate
780,male,not_evaluate
781,male,not_evaluate
782,male,not_evaluate
783,male,not_evaluate
784,male,not_evaluate
785,male,not_evaluate
786,male,not_evaluate
787,male,not_evaluate
788,male,not_evaluate
789,male,not_evaluate
790,male,not_evaluate
791,male,not_evaluate
792,male,not_evaluate
793,male,not_evaluate
794,male,not_evaluate
795,male,not_evaluate
796,male,not_evaluate
797,male,not_evaluate
798,male,not_evaluate
799,male,not_evaluate
800,male,not_evaluate
801,male,not_evaluate
802,male,not_evaluate
803,male,not_evaluate
804,male,not_evaluate
805,male,not_evaluate
806,male,not_evaluate
807,male,not_evaluate
808,male,not_evaluate
809,male,not_evaluate
810,male,not_evaluate
811,male,not_evaluate
812,male,not_evaluate
813,male,not_evaluate
814,male,not_evaluate
815,male,not_evaluate
816,male,not_evaluate
817,male,not_evaluate
818,male,not_evaluate
819,male,not_evaluate
820,male,not_evaluate
821,male,not_evaluate
822,male,not_evaluate
823,male,not_evaluate
824,male,not_evaluate
825,male,not_evaluate
826,male,not_evaluate
827,male,not_evaluate
828,male,not_evaluate
829,male,not_evaluate
830,male,not_evaluate
831,male,not_evaluate
832,male,not_evaluate
833,male,not_evaluate
834,male,not_evaluate
835,male,not_evaluate
836,male,not_evaluate
837,male,not_evaluate
838,male,not_evaluate
839,male,not_evaluate
840,male,not_evaluate
841,male,not_evaluate
842,male,not_evaluate
843,male,not_evaluate
844,male,not_evaluate
845,male,not_evaluate
846,male,not_evaluate
847,male,not_evaluate
848,male,not_evaluate
849,male,not_evaluate
850,male,not_evaluate
851,male,not_evaluate
852,male,not_evaluate
853,male,not_evaluate
854,male,not_evaluate
855,male,not_evaluate
856,male,not_evaluate
857,male,not_evaluate
858,male,not_evaluate
859,male,not_evaluate
860,male,not_evaluate
861,male,not_evaluate
862,male,not_evaluate
863,male,not_evaluate
864,male,not_evaluate
865,male,not_evaluate
866,male,not_evaluate
867,male,not_evaluate
868,male,not_evaluate
869,male,not_evaluate
870,male,not_evaluate
871,male,not_evaluate
872,male,not_evaluate
873,male,not_evaluate
874,male,not_evaluate
875,male,not_evaluate
876,male,not_evaluate
877,male,not_evaluate
878,male,not_evaluate
879,male,not_evaluate
880,male,not_evaluate
881,male,not_evaluate
882,male,not_evaluate
883,male,not_evaluate
884,male,not_evaluate
885,male,not_evaluate
886,male,not_evaluate
887,male,not_evaluate
888,male,not_evaluate
889,male,not_evaluate
890,male,not_evaluate
891,male,not_evaluate
892,male,not_evaluate
893,male,not_evaluate
894,male,not_evaluate
895,male,not_evaluate
896,male,not_evaluate
897,male,not_evaluate
898,male,not_evaluate
899,male,not_evaluate
900,male,not_evaluate
901,male,not_evaluate
902,male,not_evaluate
903,male,not_evaluate
904,male,not_evaluate
905,male,not_evaluate
906,male,not_evaluate
907,male,not_evaluate
908,male,not_evaluate
909,male,not_evaluate
910,male,not_evaluate
911,male,not_evaluate
912,male,not_evaluate
913,male,not_evaluate
914,male,not_evaluate
915,male,not_evaluate
916,male,not_evaluate
917,male,not_evaluate
918,male,not_evaluate
919,male,not_evaluate
920,male,not_evaluate
921,male,not_evaluate
922,male,not_evaluate
923,male,not_evaluate
924,male,not_evaluate
925,male,not_evaluate
926,male,not_evaluate
927,male,not_evaluate
928,male,not_evaluate
929,male,not_evaluate
930,male,not_evaluate
931,male,not_evaluate
932,male,not_evaluate
933,male,not_evaluate
934,male,not_evaluate
935,male,not_evaluate
936,male,not_evaluate
937,male,not_evaluate
938,male,not_evaluate
939,male,not_evaluate
940,male,not_evaluate
941,male,not_evaluate
942,male,not_evaluate
943,male,not_evaluate
944,male,not_evaluate
945,male,not_evaluate
946,male,not_evaluate
947,male,not_evaluate
948,male,not_evaluate
949,male,not_evaluate
950,male,not_evaluate
951,male,not_evaluate
952,male,not_evaluate
953,male,not_evaluate
954,male,not_evaluate
955,male,not_evaluate
956,male,not_evaluate
957,male,not_evaluate
958,male,not_evaluate
959,male,not_evaluate
960,male,not_evaluate
961,male,not_evaluate
962,male,not_evaluate
963,male,not_evaluate
964,male,not_evaluate
965,male,not_evaluate
966,male,not_evaluate
967,male,not_evaluate
968,male,not_evaluate
969,male,not_evaluate
970,male,not_evaluate
971,male,not_evaluate
972,male,not_evaluate
973,male,not_evaluate
974,male,not_evaluate
975,male,not_evaluate
976,female,evaluate
977,female,evaluate
978,female,evaluate
979,female,evaluate
980,female,evaluate
981,female,evaluate
982,female,evaluate
983,female,evaluate
984,female,evaluate
985,female,evaluate
986,female,evaluate
987,female,evaluate
988,female,evaluate
989,female,evaluate
990,female,evaluate
991,female,evaluate
992,female,evaluate
993,female,evaluate
994,female,evaluate
995,female,evaluate
996,female,evaluate
997,female,evaluate
998,female,evaluate
999,female,evaluate
1000,female,evaluate
1001,female,evaluate
1002,female,evaluate
1003,female,evaluate
1004,female,evaluate
1005,female,evaluate
1006,female,evaluate
1007,female,evaluate
1008,female,evaluate
1009,female,evaluate
1010,female,evaluate
1011,female,evaluate
1012,female,evaluate
1013,female,evaluate
1014,female,evaluate
1015,female,evaluate
1016,female,evaluate
1017,female,evaluate
1018,female,evaluate
1019,female,evaluate
1020,female,evaluate
1021,female,evaluate
1022,female,evaluate
1023,female,evaluate
1024,female,evaluate
1025,female,evaluate
1026,female,evaluate
1027,female,evaluate
1028,female,evaluate
1029,female,evaluate
1030,female,evaluate
1031,female,evaluate
1032,female,evaluate
1033,female,evaluate
1034,female,evaluate
1035,female,evaluate
1036,female,evaluate
1037,female,evaluate
1038,female,evaluate
1039,female,evaluate
1040,female,evaluate
1041,female,evaluate
1042,female,evaluate
1043,female,evaluate
1044,female,evaluate
1045,female,evaluate
1046,female,evaluate
1047,female,evaluate
1048,female,evaluate
1049,female,evaluate
1050,female,evaluate
1051,female,evaluate
1052,female,evaluate
1053,female,evaluate
1054,female,evaluate
1055,female,evaluate
1056,female,evaluate
1057,female,evaluate
1058,female,evaluate
1059,female,evaluate
1060,female,evaluate
1061,female,evaluate
1062,female,evaluate
1063,female,evaluate
1064,female,evaluate
1065,female,evaluate
1066,female,evaluate
1067,female,evaluate
1068,female,evaluate
1069,female,evaluate
1070,female,evaluate
1071,female,evaluate
1072,female,evaluate
1073,female,evaluate
1074,female,evaluate
1075,female,evaluate
1076,female,evaluate
1077,female,evaluate
1078,female,evaluate
1079,female,evaluate
1080,female,evaluate
1081,female,evaluate
1082,female,evaluate
1083,female,evaluate
1084,female,evaluate
1085,female,evaluate
1086,female,evaluate
1087,female,evaluate
1088,female,evaluate
1089,female,evaluate
1090,female,evaluate
1091,female,evaluate
1092,female,evaluate
1093,female,evaluate
1094,female,evaluate
1095,female,evaluate
1096,female,evaluate
1097,female,evaluate
1098,female,evaluate
1099,female,evaluate
1100,female,evaluate
1101,female,evaluate
1102,female,evaluate
1103,female,evaluate
1104,female,evaluate
1105,female,evaluate
1106,female,evaluate
1107,female,evaluate
1108,female,evaluate
1109,female,evaluate
1110,female,evaluate
1111,female,evaluate
1112,female,evaluate
1113,female,evaluate
1114,female,evaluate
1115,female,evaluate
1116,female,evaluate
1117,female,evaluate
1118,female,evaluate
1119,female,evaluate
1120,female,evaluate
1121,female,evaluate
1122,female,evaluate
1123,female,evaluate
1124,female,evaluate
1125,female,evaluate
1126,female,evaluate
1127,female,evaluate
1128,female,evaluate
1129,female,evaluate
1130,female,evaluate
1131,female,evaluate
1132,female,evaluate
1133,female,evaluate
1134,female,evaluate
1135,female,evaluate
1136,female,evaluate
1137,female,evaluate
1138,female,evaluate
1139,female,evaluate
1140,female,evaluate
1141,female,evaluate
1142,female,evaluate
1143,female,evaluate
1144,female,evaluate
1145,female,evaluate
1146,female,evaluate
1147,female,evaluate
1148,female,evaluate
1149,female,evaluate
1150,female,evaluate
1151,female,evaluate
1152,female,evaluate
1153,female,evaluate
1154,female,evaluate
1155,female,evaluate
1156,female,evaluate
1157,female,evaluate
1158,female,evaluate
1159,female,evaluate
1160,female,evaluate
1161,female,evaluate
1162,female,evaluate
1163,female,evaluate
1164,female,evaluate
1165,female,evaluate
1166,female,evaluate
1167,female,evaluate
1168,female,evaluate
1169,female,evaluate
1170,female,evaluate
1171,female,evaluate
1172,female,evaluate
1173,female,evaluate
1174,female,evaluate
1175,female,evaluate
1176,female,evaluate
1177,female,evaluate
1178,female,evaluate
1179,female,evaluate
1180,female,evaluate
1181,female,evaluate
1182,female,evaluate
1183,female,evaluate
1184,female,evaluate
1185,female,evaluate
1186,female,evaluate
1187,female,evaluate
1188,female,evaluate
1189,female,evaluate
1190,female,evaluate
1191,female,evaluate
1192,female,evaluate
1193,female,evaluate
1194,female,evaluate
1195,female,evaluate
1196,female,evaluate
1197,female,evaluate
1198,female,evaluate
1199,female,evaluate
1200,female,evaluate
1201,female,evaluate
1202,female,evaluate
1203,female,evaluate
1204,female,evaluate
1205,female,evaluate
1206,female,evaluate
1207,female,evaluate
1208,female,evaluate
1209,female,evaluate
1210,female,evaluate
1211,female,evaluate
1212,female,evaluate
1213,female,evaluate
1214,female,evaluate
1215,female,evaluate
1216,female,evaluate
1217,female,evaluate
1218,female,evaluate
1219,female,evaluate
1220,female,evaluate
1221,female,evaluate
1222,female,evaluate
1223,female,evaluate
1224,female,evaluate
1225,female,evaluate
1226,female,evaluate
1227,female,evaluate
1228,female,evaluate
1229,female,evaluate
1230,female,evaluate
1231,female,evaluate
1232,female,evaluate
1233,female,evaluate
1234,female,evaluate
1235,female,evaluate
1236,female,evaluate
1237,female,evaluate
1238,female,evaluate
1239,female,evaluate
1240,female,evaluate
1241,female,evaluate
1242,female,evaluate
1243,female,evaluate
1244,female,evaluate
1245,female,evaluate
1246,female,evaluate
1247,female,evaluate
1248,female,evaluate
1249,female,evaluate
1250,female,evaluate
1251,female,evaluate
1252,female,evaluate
1253,female,evaluate
1254,female,evaluate
1255,female,evaluate
1256,female,evaluate
1257,female,evaluate
1258,female,evaluate
1259,female,evaluate
1260,female,evaluate
1261,female,evaluate
1262,female,evaluate
1263,female,evaluate
1264,female,evaluate
1265,female,evaluate
1266,female,evaluate
1267,female,evaluate
1268,female,evaluate
1269,female,evaluate
1270,female,evaluate
1271,female,evaluate
1272,female,evaluate
1273,female,evaluate
1274,female,evaluate
1275,female,evaluate
1276,female,evaluate
1277,female,evaluate
1278,female,evaluate
1279,female,evaluate
1280,female,evaluate
1281,female,evaluate
1282,female,evaluate
1283,female,evaluate
1284,female,evaluate
1285,female,evaluate
1286,female,evaluate
1287,female,evaluate
1288,female,evaluate
1289,female,evaluate
1290,female,evaluate
1291,female,evaluate
1292,female,evaluate
1293,female,evaluate
1294,female,evaluate
1295,female,evaluate
1296,female,evaluate
1297,female,evaluate
1298,female,evaluate
1299,female,evaluate
1300,female,evaluate
1301,female,evaluate
1302,female,evaluate
1303,female,evaluate
1304,female,evaluate
1305,female,evaluate
1306,female,evaluate
1307,female,evaluate
1308,female,evaluate
1309,female,evaluate
1310,female,evaluate
1311,female,evaluate
1312,female,evaluate
1313,female,evaluate
1314,female,evaluate
1315,female,evaluate
1316,female,evaluate
1317,female,evaluate
1318,female,evaluate
1319,female,evaluate
1320,female,evaluate
1321,female,evaluate
1322,female,evaluate
1323,female,evaluate
1324,female,evaluate
1325,female,evaluate
1326,female,evaluate
1327,female,evaluate
1328,female,evaluate
1329,female,evaluate
1330,female,evaluate
1331,female,evaluate
1332,female,evaluate
1333,female,evaluate
1334,female,evaluate
1335,female,evaluate
1336,female,evaluate
1337,female,evaluate
1338,female,evaluate
1339,female,evaluate
1340,female,evaluate
1341,female,evaluate
1342,female,not_evaluate
1343,female,not_evaluate
1344,female,not_evaluate
1345,female,not_evaluate
1346,female,not_evaluate
1347,female,not_evaluate
1348,female,not_evaluate
1349,female,not_evaluate
1350,female,not_evaluate
1351,female,not_evaluate
1352,female,not_evaluate
1353,female,not_evaluate
1354,female,not_evaluate
1355,female,not_evaluate
1356,female,not_evaluate
1357,female,not_evaluate
1358,female,not_evaluate
1359,female,not_evaluate
1360,female,not_evaluate
1361,female,not_evaluate
1362,female,not_evaluate
1363,female,not_evaluate
1364,female,not_evaluate
1365,female,not_evaluate
1366,female,not_evaluate
1367,female,not_evaluate
1368,female,not_evaluate
1369,female,not_evaluate
1370,female,not_evaluate
1371,female,not_evaluate
1372,female,not_evaluate
1373,female,not_evaluate
1374,female,not_evaluate
1375,female,not_evaluate
1376,female,not_evaluate
1377,female,not_evaluate
1378,female,not_evaluate
1379,female,not_evaluate
1380,female,not_evaluate
1381,female,not_evaluate
1382,female,not_evaluate
1383,female,not_evaluate
1384,female,not_evaluate
1385,female,not_evaluate
1386,female,not_evaluate
1387,female,not_evaluate
1388,female,not_evaluate
1389,female,not_evaluate
1390,female,not_evaluate
1391,female,not_evaluate
1392,female,not_evaluate
1393,female,not_evaluate
1394,female,not_evaluate
1395,female,not_evaluate
1396,female,not_evaluate
1397,female,not_evaluate
1398,female,not_evaluate
1399,female,not_evaluate
1400,female,not_evaluate
1401,female,not_evaluate
1402,female,not_evaluate
1403,female,not_evaluate
1404,female,not_evaluate
1405,female,not_evaluate
1406,female,not_evaluate
1407,female,not_evaluate
1408,female,not_evaluate
1409,female,not_evaluate
1410,female,not_evaluate
1411,female,not_evaluate
1412,female,not_evaluate
1413,female,not_evaluate
1414,female,not_evaluate
1415,female,not_evaluate
1416,female,not_evaluate
1417,female,not_evaluate
1418,female,not_evaluate
1419,female,not_evaluate
1420,female,not_evaluate
1421,female,not_evaluate
1422,female,not_evaluate
1423,female,not_evaluate
1424,female,not_evaluate
1425,female,not_evaluate
1426,female,not_evaluate
1427,female,not_evaluate
1428,female,not_evaluate
1429,female,not_evaluate
1430,female,not_evaluate
1431,female,not_evaluate
1432,female,not_evaluate
1433,female,not_evaluate
1434,female,not_evaluate
1435,female,not_evaluate
1436,female,not_evaluate
1437,female,not_evaluate
1438,female,not_evaluate
1439,female,not_evaluate
1440,female,not_evaluate
1441,female,not_evaluate
1442,female,not_evaluate
1443,female,not_evaluate
1444,female,not_evaluate
1445,female,not_evaluate
1446,female,not_evaluate
1447,female,not_evaluate
1448,female,not_evaluate
1449,female,not_evaluate
1450,female,not_evaluate
1451,female,not_evaluate
1452,female,not_evaluate
1453,female,not_evaluate
1454,female,not_evaluate
1455,female,not_evaluate
1456,female,not_evaluate
1457,female,not_evaluate
1458,female,not_evaluate
1459,female,not_evaluate
1460,female,not_evaluate
1461,female,not_evaluate
1462,female,not_evaluate
1463,female,not_evaluate
1464,female,not_evaluate
1465,female,not_evaluate
1466,female,not_evaluate
1467,female,not_evaluate
1468,female,not_evaluate
1469,female,not_evaluate
1470,female,not_evaluate
1471,female,not_evaluate
1472,female,not_evaluate
1473,female,not_evaluate
1474,female,not_evaluate
1475,female,not_evaluate
1476,female,not_evaluate
1477,female,not_evaluate
1478,female,not_evaluate
1479,female,not_evaluate
1480,female,not_evaluate
1481,female,not_evaluate
1482,female,not_evaluate
1483,female,not_evaluate
1484,female,not_evaluate
1485,female,not_evaluate
1486,female,not_evaluate
1487,female,not_evaluate
1488,female,not_evaluate
1489,female,not_evaluate
1490,female,not_evaluate
1491,female,not_evaluate
1492,female,not_evaluate
1493,female,not_evaluate
1494,female,not_evaluate
1495,female,not_evaluate
1496,female,not_evaluate
1497,female,not_evaluate
1498,female,not_evaluate
1499,female,not_evaluate
1500,female,not_evaluate
1501,female,not_evaluate
1502,female,not_evaluate
1503,female,not_evaluate
1504,female,not_evaluate
1505,female,not_evaluate
1506,female,not_evaluate
1507,female,not_evaluate
1508,female,not_evaluate
1509,female,not_evaluate
1510,female,not_evaluate
1511,female,not_evaluate
1512,female,not_evaluate
1513,female,not_evaluate
1514,female,not_evaluate
1515,female,not_evaluate
1516,female,not_evaluate
1517,female,not_evaluate
1518,female,not_evaluate
1519,female,not_evaluate
1520,female,not_evaluate
1521,female,not_evaluate
1522,female,not_evaluate
1523,female,not_evaluate
1524,female,not_evaluate
1525,female,not_evaluate
1526,female,not_evaluate
1527,female,not_evaluate
1528,female,not_evaluate
1529,female,not_evaluate
1530,female,not_evaluate
1531,female,not_evaluate
1532,female,not_evaluate
1533,female,not_evaluate
1534,female,not_evaluate
1535,female,not_evaluate
1536,female,not_evaluate
1537,female,not_evaluate
1538,female,not_evaluate
1539,female,not_evaluate
1540,female,not_evaluate
1541,female,not_evaluate
1542,female,not_evaluate
1543,female,not_evaluate
1544,female,not_evaluate
1545,female,not_evaluate
1546,female,not_evaluate
1547,female,not_evaluate
1548,female,not_evaluate
1549,female,not_evaluate
1550,female,not_evaluate
1551,female,not_evaluate
1552,female,not_evaluate
1553,female,not_evaluate
1554,female,not_evaluate
1555,female,not_evaluate
1556,female,not_evaluate
1557,female,not_evaluate
1558,female,not_evaluate
1559,female,not_evaluate
1560,female,not_evaluate
1561,female,not_evaluate
1562,female,not_evaluate
1563,female,not_evaluate
1564,female,not_evaluate
1565,female,not_evaluate
1566,female,not_evaluate
1567,female,not_evaluate
1568,female,not_evaluate
1569,female,not_evaluate
1570,female,not_evaluate
1571,female,not_evaluate
1572,female,not_evaluate
1573,female,not_evaluate
1574,female,not_evaluate
1575,female,not_evaluate
1576,female,not_evaluate
1577,female,not_evaluate
1578,female,not_evaluate
1579,female,not_evaluate
1580,female,not_evaluate
1581,female,not_evaluate
1582,female,not_evaluate
1583,female,not_evaluate
1584,female,not_evaluate
1585,female,not_evaluate
1586,female,not_evaluate
1587,female,not_evaluate
1588,female,not_evaluate
1589,female,not_evaluate
1590,female,not_evaluate
1591,female,not_evaluate
1592,female,not_evaluate
1593,female,not_evaluate
1594,female,not_evaluate
1595,female,not_evaluate
1596,female,not_evaluate
1597,female,not_evaluate
1598,female,not_evaluate
1599,female,not_evaluate
1600,female,not_evaluate
1601,female,not_evaluate
1602,female,not_evaluate
1603,female,not_evaluate
1604,female,not_evaluate
1605,female,not_evaluate
1606,female,not_evaluate
1607,female,not_evaluate
1608,female,not_evaluate
1609,female,not_evaluate
1610,female,not_evaluate
1611,female,not_evaluate
1612,female,not_evaluate
1613,female,not_evaluate
1614,female,not_evaluate
1615,female,not_evaluate
1616,female,not_evaluate
1617,female,not_evaluate
1618,female,not_evaluate
1619,female,not_evaluate
1620,female,not_evaluate
1621,female,not_evaluate
1622,female,not_evaluate
1623,female,not_evaluate
1624,female,not_evaluate
1625,female,not_evaluate
1626,female,not_evaluate
1627,female,not_evaluate
1628,female,not_evaluate
1629,female,not_evaluate
1630,female,not_evaluate
1631,female,not_evaluate
1632,female,not_evaluate
1633,female,not_evaluate
1634,female,not_evaluate
1635,female,not_evaluate
1636,female,not_evaluate
1637,female,not_evaluate
1638,female,not_evaluate
1639,female,not_evaluate
1640,female,not_evaluate
1641,female,not_evaluate
1642,female,not_evaluate
1643,female,not_evaluate
1644,female,not_evaluate
1645,female,not_evaluate
1646,female,not_evaluate
1647,female,not_evaluate
1648,female,not_evaluate
1649,female,not_evaluate
1650,female,not_evaluate
1651,female,not_evaluate
1652,female,not_evaluate
1653,female,not_evaluate
1654,female,not_evaluate
1655,female,not_evaluate
1656,female,not_evaluate
1657,female,not_evaluate
1658,female,not_evaluate
1659,female,not_evaluate
1660,female,not_evaluate
1661,female,not_evaluate
1662,female,not_evaluate
1663,female,not_evaluate
1664,female,not_evaluate
1665,female,not_evaluate
1666,female,not_evaluate
1667,female,not_evaluate
1668,female,not_evaluate
1669,female,not_evaluate
1670,female,not_evaluate
1671,female,not_evaluate
1672,female,not_evaluate
1673,female,not_evaluate
1674,female,not_evaluate
1675,female,not_evaluate
1676,female,not_evaluate
1677,female,not_evaluate
1678,female,not_evaluate
1679,female,not_evaluate
1680,female,not_evaluate
1681,female,not_evaluate
1682,female,not_evaluate
1683,female,not_evaluate
1684,female,not_evaluate
1685,female,not_evaluate
1686,female,not_evaluate
1687,female,not_evaluate
1688,female,not_evaluate
1689,female,not_evaluate
1690,female,not_evaluate
1691,female,not_evaluate
1692,female,not_evaluate
1693,female,not_evaluate
1694,female,not_evaluate
1695,female,not_evaluate
1696,female,not_evaluate
1697,female,not_evaluate
1698,female,not_evaluate
1699,female,not_evaluate
1700,female,not_evaluate
1701,female,not_evaluate
1702,female,not_evaluate
1703,female,not_evaluate
1704,female,not_evaluate
1705,female,not_evaluate
1706,female,not_evaluate
1707,female,not_evaluate
1708,female,not_evaluate
1709,female,not_evaluate
1710,female,not_evaluate
1711,female,not_evaluate
1712,female,not_evaluate
1713,female,not_evaluate
1714,female,not_evaluate
1715,female,not_evaluate
1716,female,not_evaluate
1717,female,not_evaluate
1718,female,not_evaluate
1719,female,not_evaluate
1720,female,not_evaluate
1721,female,not_evaluate
1722,female,not_evaluate
1723,female,not_evaluate
1724,female,not_evaluate
1725,female,not_evaluate
1726,female,not_evaluate
1727,female,not_evaluate
1728,female,not_evaluate
1729,female,not_evaluate
1730,female,not_evaluate
1731,female,not_evaluate
1732,female,not_evaluate
1733,female,not_evaluate
1734,female,not_evaluate
1735,female,not_evaluate
1736,female,not_evaluate
1737,female,not_evaluate
1738,female,not_evaluate
1739,female,not_evaluate
1740,female,not_evaluate
1741,female,not_evaluate
1742,female,not_evaluate
1743,female,not_evaluate
1744,female,not_evaluate
1745,female,not_evaluate
1746,female,not_evaluate
1747,female,not_evaluate
1748,female,not_evaluate
1749,female,not_evaluate
1750,female,not_evaluate
1751,female,not_evaluate
1752,female,not_evaluate
1753,female,not_evaluate
1754,female,not_evaluate
1755,female,not_evaluate
1756,female,not_evaluate
1757,female,not_evaluate
1758,female,not_evaluate
1759,female,not_evaluate
1760,female,not_evaluate
1761,female,not_evaluate
1762,female,not_evaluate
1763,female,not_evaluate
1764,female,not_evaluate
1765,female,not_evaluate
1766,female,not_evaluate
1767,female,not_evaluate
1768,female,not_evaluate
1769,female,not_evaluate
1770,female,not_evaluate
1771,female,not_evaluate
1772,female,not_evaluate
1773,female,not_evaluate
1774,female,not_evaluate
1775,female,not_evaluate
1776,female,not_evaluate
1777,female,not_evaluate
1778,female,not_evaluate
1779,female,not_evaluate
1780,female,not_evaluate
1781,female,not_evaluate
1782,female,not_evaluate
1783,female,not_evaluate
1784,female,not_evaluate
1785,female,not_evaluate
1786,female,not_evaluate
1787,female,not_evaluate
1788,female,not_evaluate
1789,female,not_evaluate
1790,female,not_evaluate
1791,female,not_evaluate
1792,female,not_evaluate
1793,female,not_evaluate
1794,female,not_evaluate
1795,female,not_evaluate
1796,female,not_evaluate
1797,female,not_evaluate
1798,female,not_evaluate
1799,female,not_evaluate
1800,female,not_evaluate
1801,female,not_evaluate
1802,female,not_evaluate
1803,female,not_evaluate
1804,female,not_evaluate
1805,female,not_evaluate
1806,female,not_evaluate
1807,female,not_evaluate
1808,female,not_evaluate
1809,female,not_evaluate
1810,female,not_evaluate
1811,female,not_evaluate
1812,female,not_evaluate
1813,female,not_evaluate
1814,female,not_evaluate
1815,female,not_evaluate
1816,female,not_evaluate
1817,female,not_evaluate
1818,female,not_evaluate
1819,female,not_evaluate
1820,female,not_evaluate
1821,female,not_evaluate
1822,female,not_evaluate
1823,female,not_evaluate
1824,female,not_evaluate
1825,female,not_evaluate
1826,female,not_evaluate
1827,female,not_evaluate
1828,female,not_evaluate
1829,female,not_evaluate
1830,female,not_evaluate
1831,female,not_evaluate
1832,female,not_evaluate
1833,female,not_evaluate
1834,female,not_evaluate
1835,female,not_evaluate
1836,female,not_evaluate
1837,female,not_evaluate
1838,female,not_evaluate
1839,female,not_evaluate
1840,female,not_evaluate
1841,female,not_evaluate
1842,female,not_evaluate
1843,female,not_evaluate
1844,female,not_evaluate
1845,female,not_evaluate
1846,female,not_evaluate
1847,female,not_evaluate
1848,female,not_evaluate
1849,female,not_evaluate
1850,female,not_evaluate
1851,female,not_evaluate
1852,female,not_evaluate
1853,female,not_evaluate
1854,female,not_evaluate
1855,female,not_evaluate
1856,female,not_evaluate
1857,female,not_evaluate
1858,female,not_evaluate
1859,female,not_evaluate
1860,female,not_evaluate
1861,female,not_evaluate
1862,female,not_evaluate
1863,female,not_evaluate
1864,female,not_evaluate
1865,female,not_evaluate
1866,female,not_evaluate
1867,female,not_evaluate
1868,female,not_evaluate
1869,female,not_evaluate
1870,female,not_evaluate
1871,female,not_evaluate
1872,female,not_evaluate
1873,female,not_evaluate
1874,female,not_evaluate
1875,female,not_evaluate
1876,female,not_evaluate
1877,female,not_evaluate
1878,female,not_evaluate
1879,female,not_evaluate
1880,female,not_evaluate
1881,female,not_evaluate
1882,female,not_evaluate
1883,female,not_evaluate
1884,female,not_evaluate
1885,female,not_evaluate
1886,female,not_evaluate
1887,female,not_evaluate
1888,female,not_evaluate
1889,female,not_evaluate
1890,female,not_evaluate
1891,female,not_evaluate
1892,female,not_evaluate
1893,female,not_evaluate
1894,female,not_evaluate
1895,female,not_evaluate
1896,female,not_evaluate
1897,female,not_evaluate
1898,female,not_evaluate
1899,female,not_evaluate
1900,female,not_evaluate
1901,female,not_evaluate
1902,female,not_evaluate
1903,female,not_evaluate
1904,female,not_evaluate
1905,female,not_evaluate
1906,female,not_evaluate
1907,female,not_evaluate
1908,female,not_evaluate
1909,female,not_evaluate
1910,female,not_evaluate
1911,female,not_evaluate
1912,female,not_evaluate
1913,female,not_evaluate
1914,female,not_evaluate
1915,female,not_evaluate
1916,female,not_evaluate
1917,female,not_evaluate
1918,female,not_evaluate
1919,female,not_evaluate
1920,female,not_evaluate
1921,female,not_evaluate
1922,female,not_evaluate
1923,female,not_evaluate
1924,female,not_evaluate
1925,female,not_evaluate
1926,female,not_evaluate
1927,female,not_evaluate
1928,female,not_evaluate
1929,female,not_evaluate
1930,female,not_evaluate
1931,female,not_evaluate
1932,female,not_evaluate
1933,female,not_evaluate
1934,female,not_evaluate
1935,female,not_evaluate
1936,female,not_evaluate
1937,female,not_evaluate
1938,female,not_evaluate
1939,female,not_evaluate
1940,female,not_evaluate
1941,female,not_evaluate
1942,female,not_evaluate
1943,female,not_evaluate
1944,female,not_evaluate
1945,female,not_evaluate
1946,female,not_evaluate
1947,female,not_evaluate
1948,female,not_evaluate
1949,female,not_evaluate
1950,female,not_evaluate
1951,female,not_evaluate
1952,female,not_evaluate
1953,female,not_evaluate
1954,female,not_evaluate
1955,female,not_evaluate
1956,female,not_evaluate
1957,female,not_evaluate
1958,female,not_evaluate
1959,female,not_evaluate
1960,female,not_evaluate
1961,female,not_evaluate
1962,female,not_evaluate
1963,female,not_evaluate
1964,female,not_evaluate
1965,female,not_evaluate
1966,female,not_evaluate
1967,female,not_evaluate
1968,female,not_evaluate
1969,female,not_evaluate
1970,female,not_evaluate
1971,female,not_evaluate
1972,female,not_evaluate
1973,female,not_evaluate
1974,female,not_evaluate
1975,female,not_evaluate
1976,female,not_evaluate
1977,female,not_evaluate
1978,female,not_evaluate
1979,female,not_evaluate
1980,female,not_evaluate
1981,female,not_evaluate
1982,female,not_evaluate
1983,female,not_evaluate
1984,female,not_evaluate
1985,female,not_evaluate
1986,female,not_evaluate
1987,female,not_evaluate
1988,female,not_evaluate
1989,female,not_evaluate
1990,female,not_evaluate
1991,female,not_evaluate
1992,female,not_evaluate
1993,female,not_evaluate
1994,female,not_evaluate
1995,female,not_evaluate
1996,female,not_evaluate
1997,female,not_evaluate
1998,female,not_evaluate
1999,female,not_evaluate
2000,female,not_evaluate
2001,female,not_evaluate
2002,female,not_evaluate
2003,female,not_evaluate
2004,female,not_evaluate
2005,female,not_evaluate
2006,female,not_evaluate
2007,female,not_evaluate
2008,female,not_evaluate
2009,female,not_evaluate
2010,female,not_evaluate
2011,female,not_evaluate
2012,female,not_evaluate
2013,female,not_evaluate
2014,female,not_evaluate
2015,female,not_evaluate
2016,female,not_evaluate
2017,female,not_evaluate
2018,female,not_evaluate
2019,female,not_evaluate
2020,female,not_evaluate
2021,female,not_evaluate
2022,female,not_evaluate
2023,female,not_evaluate
2024,female,not_evaluate
2025,female,not_evaluate
2026,female,not_evaluate
2027,female,not_evaluate
2028,female,not_evaluate
2029,female,not_evaluate
2030,female,not_evaluate
2031,female,not_evaluate
2032,female,not_evaluate
2033,female,not_evaluate
2034,female,not_evaluate
2035,female,not_evaluate
2036,female,not_evaluate
2037,female,not_evaluate
2038,female,not_evaluate
2039,female,not_evaluate
2040,female,not_evaluate
2041,female,not_evaluate
2042,female,not_evaluate
2043,female,not_evaluate
2044,female,not_evaluate
2045,female,not_evaluate
2046,female,not_evaluate
2047,female,not_evaluate
2048,female,not_evaluate
2049,female,not_evaluate